








[

  {"image":"assets/best_offer/tv-3.png","title":"LG 24MP400-B 24\" Full HD IPS Monitor","subtitle":"Resolution: FHD ((1920 x 1080)","price":"20,500৳","offer":"20,500৳"},
  {"image":"assets/best_offer/tv-3.png","title":"LG 24MP400-B 24\" Full HD IPS Monitor","subtitle":"Resolution: FHD ((1920 x 1080)","price":"20,500৳","offer":"20,500৳"},
  {"image":"assets/best_offer/tv-3.png","title":"LG 24MP400-B 24\" Full HD IPS Monitor","subtitle":"Resolution: FHD ((1920 x 1080)","price":"20,500৳","offer":"20,500৳"},
  {"image":"assets/best_offer/tv-3.png","title":"LG 24MP400-B 24\" Full HD IPS Monitor","subtitle":"Resolution: FHD ((1920 x 1080)","price":"20,500৳","offer":"20,500৳"},
  {"image":"assets/best_offer/tv-3.png","title":"LG 24MP400-B 24\" Full HD IPS Monitor","subtitle":"Resolution: FHD ((1920 x 1080)","price":"20,500৳","offer":"20,500৳"},
  {"image":"assets/best_offer/tv-3.png","title":"LG 24MP400-B 24\" Full HD IPS Monitor","subtitle":"Resolution: FHD ((1920 x 1080)","price":"20,500৳","offer":"20,500৳"},
  {"image":"assets/best_offer/tv-3.png","title":"LG 24MP400-B 24\" Full HD IPS Monitor","subtitle":"Resolution: FHD ((1920 x 1080)","price":"20,500৳","offer":"20,500৳"}
]
