


[{"id":"01","image":"assets/products/wedding_collection/wedding_collection_11.jpg","title":"Georgius","offer":"From ₹199","subtitle":"Lingerie, Western & Winter wear"},
  {"id":"01","image":"assets/products/wedding_collection/wedding_collection_11.jpg","title":"Georgius","offer":"From ₹199","subtitle":"Lingerie, Western & Winter wear"},
  {"id":"01","image":"assets/products/wedding_collection/wedding_collection_11.jpg","title":"Georgius","offer":"From ₹199","subtitle":"Lingerie, Western & Winter wear"},
    {"id":"01","image":"assets/products/wedding_collection/wedding_collection_11.jpg","title":"Georgius","offer":"From ₹199","subtitle":"Lingerie, Western & Winter wear"},
      {"id":"01","image":"assets/products/wedding_collection/wedding_collection_11.jpg","title":"Georgius","offer":"From ₹199","subtitle":"Lingerie, Western & Winter wear"},
        {"id":"01","image":"assets/products/wedding_collection/wedding_collection_11.jpg","title":"Georgius","offer":"From ₹199","subtitle":"Lingerie, Western & Winter wear"}
        ]



