









[

  {"image":"assets/best_offer/furniture-2.png","title":" 24MP400-B 24\" Full HD IPS Monitor","subtitle":"Resolution: FHD ((1920 x 1080)","price":"20,500৳","offer":"20,500৳"},
  {"image":"assets/best_offer/furniture-3.png","title":"24MP400-B 24\" Full HD IPS Monitor","subtitle":"Resolution: FHD ((1920 x 1080)","price":"20,500৳","offer":"20,500৳"},
  {"image":"assets/best_offer/furniture-2.png","title":"24MP400-B 24\" Full HD IPS Monitor","subtitle":"Resolution: FHD ((1920 x 1080)","price":"20,500৳","offer":"20,500৳"},
  {"image":"assets/best_offer/furniture-3.png","title":"24MP400-B 24\" Full HD IPS Monitor","subtitle":"Resolution: FHD ((1920 x 1080)","price":"20,500৳","offer":"20,500৳"},
  {"image":"assets/best_offer/furniture-2.png","title":"24MP400-B 24\" Full HD IPS Monitor","subtitle":"Resolution: FHD ((1920 x 1080)","price":"20,500৳","offer":"20,500৳"}

]
